Hotel_ID,Hotel_Name
1_1,Khách sạn Mường Thanh Luxury Nha Trang (Muong Thanh Luxury Nha Trang Hotel)
1_2,ALPHA BIRD NHA TRANG
1_3,Khách sạn Aaron (Aaron Hotel)
1_4,Panorama Star Beach Nha Trang
1_5,Khách sạn Balcony Nha Trang (Balcony Nha Trang Hotel)
1_6,Căn hộ Kymodo Panorama (Kymodo Panorama Apartment)
1_7,Khách sạn Mega Light (Mega Light Hotel)
1_8,Navada Beach Hotel
1_9,Khách Sạn Anrizon Nha Trang (Anrizon Hotel Nha Trang)
1_10,Olwen Hotel
1_11,RIS Panorama Nha Trang
1_12,Khách sạn AZURA (Azura Hotel)
1_13,Senkotel Nha Trang do NEST Group quản lý (Senkotel Nha Trang Managed by NEST Group)
1_14,Khu nghỉ dưỡng bãi biển Meliá Vinpearl Cam Ranh (Meliá Vinpearl Cam Ranh Beach Resort)
1_15,Khách Sạn Erica Nha Trang (Erica Nha Trang Hotel)
1_16,The Summer Hotel
1_17,Panorama Nha Trang Ocean View
1_18,Pavillon Boutique Hotel & Apartment Nha Trang
1_19,Royal HPM Hotel
1_20,Golden Lotus Central Hotel
1_21,Libra Nha Trang Hotel
1_22,Khách Sạn Apollo Nha Trang (Apollo Hotel Nha Trang)
1_23,Holi Panorama Nha Trang
1_24,Khu nghỉ dưỡng Alma Cam Ranh (Alma Resort Cam Ranh)
1_25,Khách sạn Marilyn Boutique Nha Trang (Marilyn Boutique Hotel Nha Trang)
1_26,khách sạn phố ngọc
1_27,Khách Sạn Smile (Smile Hotel)
1_28,Khách Sạn Regalia Gold (Regalia Gold Hotel)
1_29,Khách sạn Paris Nha Trang (Paris Nha Trang Hotel and Apartment)
1_30,Areca Hotel Nha Trang
2_1,Khách sạn New Sun Nha Trang (New Sun Hotel Nha Trang)
2_2,Muong Thanh Grand Nha Trang Hotel
2_3,ELITE HOTEL NHA TRANG
2_4,Khu nghỉ dưỡng Amiana Nha Trang (Amiana Resort Nha Trang)
2_5,Khách sạn Boutique Seasing (Seasing Boutique Hotel)
2_6,Golden Nha Trang Hotel
2_7,The Swan Hotel
2_8,Dubai Nha Trang Hotel
2_9,Panorama Nha trang & Breakfast
2_10,Oceanus Oasis Retreat Muong Thanh Vien Trieu
2_11,Maris Hotel Nha Trang
2_12,Căn hộ bãi biển Pearl Nha Trang (Pearl Nha Trang Beach Apartment)
2_13,Panorama Nha Trang by HLG
2_14,Khách sạn Imperial Nha trang (Imperial Nha Trang Hotel)
2_15,Khu nghỉ dưỡng Duyên Hà - Cam Ranh (Duyen Ha Resort Cam Ranh)
2_16,Meliá Vinpearl Nha Trang Empire
2_17,Nha Trang Horizon Hotel
2_18,TK Nha Trang Hotel
2_19,Royal Hotel Nha Trang
2_20,Khách sạn V Nha Trang (V Hotel Nha Trang)
2_21,Khách sạn BlueSea 10
2_22,TRUONG THINH HOTEL
2_23,The Anam Cam Ranh
2_24,DB Hotel Nha Trang
2_25,Khách sạn Ale Nha Trang (Ale Nha Trang Hotel)
2_26,Khách Sạn Starcity Nha Trang (StarCity Nha Trang Hotel)
2_27,"Căn hộ 72 m² 2 phòng ngủ, 2 phòng tắm riêng ở Vĩnh Phước (Partial sea view 2 Bedroom, Oceanus Hon Chong)"
2_28,Khách sạn Prague Nha Trang (Prague Nha Trang Hotel)
2_29,Khách sạn & Spa Boton Blue (Boton Blue Hotel & Spa)
2_30,Khách sạn Art Nest Nha Trang (Art Nest Hotel Nha Trang)
3_1,TUI BLUE Nha Trang
3_2,Full House Hotel
3_3,Khu Nghỉ Dưỡng Movenpick Cam Ranh (Movenpick Resort Cam Ranh)
3_4,Handy Panorama Nha Trang Ocean View
3_5,TTC Van Phong Bay Resort
3_6,Khách sạn Thái Bình (Khach san Thai Binh)
3_7,Annova Nha Trang Hotel
3_8,OYO 898 Khách sạn Phương Thảo (OYO 898 Phuong Thao Hotel)
3_9,Khu nghỉ dưỡng và Spa Pax Ana Dốc Lết (Pax Ana Doc Let Resort and Spa)
3_10,Khách sạn Dendro Gold (Dendro Gold Hotel )
3_11,Green Beach Nha Trang
3_12,The Time Nha Trang Hotel
3_13,Vinpearl Resort & Spa Nha Trang Bay
3_14,Starlight Nha Trang
3_15,A Páo Cafe & Homestay
3_16,ibis Styles Nha Trang
3_17,Khách sạn Skylight Nha Trang (Skylight Nha Trang Hotel)
3_18,Khách sạn Bonjour Nha Trang (Bonjour Nha Trang Hotel)
3_19,Khách sạn Super OYO 598 Peony (Super OYO 598 Peony Hotel)
3_20,Khách sạn Blue Pearl (Blue Pearl Hotel)
3_21,OYO 942 Căn Hộ Cường Hải (OYO 942 Cuong Hai Apartment)
3_22,Shoho Hotel Nha Trang
3_23,Fusion Resort Cam Ranh – All Spa Inclusive (Fusion Resort Cam Ranh - All Spa Inclusive)
3_24,Oasis Nha Trang Hotel
3_25,Khách Sạn Ventana Nha Trang (Ventana Nha Trang Hotel)
3_26,Aaron Boutique Hotel
3_27,GM Doc Let Beach Resort and Spa
3_28,The Costa Nha Trang (The Costa Nha Trang Residences)
3_29,Khách sạn Nagar Nha Trang (Nagar Hotel Nha Trang)
3_30,Grand Tourane Nha Trang Hotel
4_1,Khu nghỉ dưỡng Khách sạn & Spa Champa Island Nha Trang (Champa Island Nha Trang - Resort Hotel & Spa)
4_2,The Sea Luxury Nha Trang Apartment
4_3,Gonsala Hotel Nha Trang
4_4,Seaview Cam Ranh
4_5,Heritage Boutique Sierra Legend
4_6,Khách sạn Alibaba (Alibaba Hotel)
4_7,Khách sạn & Căn hộ Hà Trang (Ha Trang Voronezh Hotel and Apartment)
4_8,Khách Sạn Boutique Em Ơi (Em Oi Boutique Hotel)
5_1,Nomad Apartment
5_2,TOP Panorama Nha Trang
5_3,Ana Mandara Cam Ranh
5_4,Lotus Village Nha Trang
5_6,Khách sạn và Spa Florida Nha Trang (Florida Nha Trang Hotel And Spa)
5_7,Khách Sạn Hướng Biển Aqua (Aqua Seaview Hotel)
5_8,Muong Thanh Vien Trieu Hotel & Apartment Nha Trang
5_9,Panorama Nha Trang By Risco
5_10,Green World Hotel Nha Trang
5_11,Ocean Waves Resort Cam Ranh
5_12,Odessa Hotel
5_13,Virgo Hotel
5_14,Realus Sea-view Apartment in Cam Ranh Nha Trang
5_15,The Anchor Apartment
5_16,Khách sạn MCR Luxury Nha Trang (The MCR Luxury Nha Trang Hotel)
5_17,Khách Sạn Cliff Nha Trang (Cliff Hotel Nha Trang)
5_18,Khách san Luxury Nha Trang (Luxury Nha Trang Hotel)
5_19,Uy Duong Hotel & Apartment - Nha Trang
5_20,"Nhà riêng 82 m² 3 phòng ngủ, 2 phòng tắm riêng ở Vĩnh Phước (Family 3 Bedroom, Partial Sea View)"
5_21,"Chung cư 72 m² 2 phòng ngủ, 2 phòng tắm riêng ở Vĩnh Phước (Beauty and The Beach Condominium Comfortzone)"
5_22,BN Hotel Nha Trang
5_23,KHÁCH SẠN SEAESTA NHA TRANG (SEAESTA NHA TRANG HOTEL)
5_24,Khu Nghỉ Dưỡng Swandor Cam Ranh-Trọn Gói (Swandor Cam Ranh Resort-Ultra All Inclusive)
5_25,Arena Cam Ranh Resort by Realus
5_26,THE ARENA RESORT CAM RANH
5_27,KHÁCH SẠN APOLLO VACATION (HOTEL APOLLO VACATION)
5_28,"Căn hộ 100 m² 1 phòng ngủ, 1 phòng tắm riêng ở Vĩnh Phước (Budget Apartment 3 Bedroom)"
5_29,"Nhà mặt đất 80 m² 3 phòng ngủ, 3 phòng tắm riêng ở Tân Lập (S house homestay 2)"
5_30,Holi Anna Boutique Hotel
6_2,"Nhà riêng 120 m² 1 phòng ngủ, 3 phòng tắm riêng ở Lộc Thọ (Ben's Home)"
6_5,The Empyrean Cam Ranh Beach Resort
6_6,Hien Luong Hotel Nha Trang
6_7,Hải Phát Hotel
6_8,Khu nghỉ dưỡng Arena Cam Ranh gần Sân bay (Arena Cam Ranh Resort near Airport)
6_11,Mia Resort Nha Trang
6_12,"Panorama Nha Trang (Panorama Nha Trang - 2 Nguyen Thi Minh Khai, Nha Trang)"
6_13,Sep'on Heartfulness Centre
6_14,CAM RANH NHA TRANG SEAVIEW RESORT
6_15,Căn hộ dịch vụ hướng biển ở Cam Ranh - Nha Trang (JOY Sea-View Serviced Apartment in Cam Ranh - Nha Trang)
6_16,RESORT THE ARENA CAM RANH - Deluxe SEAVIEW
6_17,Boma Resort Nha Trang
6_18,Homie Panorama Nha Trang
6_22,"Nhà riêng 60 m² 6 phòng ngủ, 1 phòng tắm riêng ở Vĩnh Hiệp (HO KINH DOANH NGUYEN THI BICH VY )"
6_27,Vinpearl Beachfront Nha Trang
7_7,Khu nghỉ dưỡng Alibu Nha Trang (Alibu Resort Nha Trang)
8_17,December Hotel
8_27,Vinpearl Luxury Nha Trang
9_7,Vinpearl Resort Nha Trang
9_24,Khu nghỉ dưỡng Selectum Noa Cam Ranh (Selectum Noa Resort Cam Ranh)
10_2,InterContinental Nha Trang
10_12,Sata Hotel
10_22,Khách sạn Sunrise Nha Trang Beach Hotel & Spa (Sunrise Nha Trang Beach Hotel & Spa)
11_30,"Căn hộ 42 m² 1 phòng ngủ, 1 phòng tắm riêng ở Vĩnh Hải (Luxury apartment sea view 28 floor Scenia Bay)"
12_2,The Empyrean Nha Trang
12_5,Khách sạn Nice Swan (Nice Swan Hotel Nha Trang)
12_7,Gran Meliá Nha Trang
12_8,The Moon Villas (The Trang Villas)
12_12,Lumina Villas Cam Ranh
12_15,"Căn hộ 774 m² 2 phòng ngủ, 2 phòng tắm riêng ở Vĩnh Phước (Two Bedroom Apartment with Sea View)"
12_16,Seascape Villas in Long Beach Cam Ranh
12_17,The Signature Hotel Nha Trang
12_22,Khách Sạn Mojzo (Mojzo Inn)
12_26,"Biệt thự 25 m² 1 phòng ngủ, 0 phòng tắm riêng ở Brooklyn (ZK Homestay )"
12_29,"Nhà riêng 60 m² 2 phòng ngủ, 2 phòng tắm riêng ở Tân Lập (Lovely 2-bedroom apartment in city center .)"
12_30,Aura Panorama Nha Trang
13_3,Oasis Retreat - Muong Thanh Vien Trieu
13_8,DTX Hotel Nha Trang
13_10,L’Alya Vịnh Ninh Vân (L'Alya Ninh Van Bay)
13_12,"Căn hộ 58 m² 2 phòng ngủ, 2 phòng tắm riêng ở Vĩnh Hải (CHAMPA ISLAND NHA TRANG CAN HO 2 PHONG NGU 2WC)"
13_13,Ocean view of Cam Ranh Resort
13_16,"Căn hộ 70 m² 2 phòng ngủ, 2 phòng tắm riêng ở Tân Lập (HUD BUILDING - CĂN HỘ 5 SAO CAO CẤP- TẦNG 21)"
13_17,Khu nghỉ dưỡng và Spa Cam Ranh Riviera Beach - Trọn gói (Cam Ranh Riviera Beach Resort and Spa - All Inclusive)
13_20,"Nhà riêng 40 m² 1 phòng ngủ, 1 phòng tắm riêng ở Vĩnh Phước (Tiện nghi giá bình dân)"
13_23,"Căn hộ 500 m² 10 phòng ngủ, 1 phòng tắm riêng ở Vĩnh Hòa (Nhà Nghỉ Thúy Vy)"
13_24,Skyline Seaview Cam Ranh Khanh Hoa
13_26,Nhà Rosemary Bãi Dài - Căn hộ hướng biển gần sân bay Cam Ranh (Rosemary Home at Bai Dai Beach Nha Trang - Seaview Condo near Int't Cam Ranh Airport)
13_27,Khách sạn Asteria Comodo Nha Trang (Asteria Comodo Nha Trang Hotel)
15_7,An Lam Retreats Ninh Van Bay
15_10,Nhà bãi biển DELUXE HƯỚNG BIỂN BÃI DÀI CAM RANH (DELUXE SEA VIEW BÃI DÀI CAM RANH beach house)
15_12,Hà Nhung Hotel Nha Trang
15_13,"Nhà riêng 360 m² 4 phòng ngủ, 3 phòng tắm riêng ở Dốc Lết (yên lành homestay)"
15_14,"Căn hộ 774 m² 2 phòng ngủ, 2 phòng tắm riêng ở Vĩnh Phước (Two Bedroom Apartment with Balcony)"
15_15,"Chung cư 36 m² 1 phòng ngủ, 1 phòng tắm riêng ở Lộc Thọ (The Buckingham)"
15_16,"Nhà riêng 60 m² 1 phòng ngủ, 1 phòng tắm riêng ở Vĩnh Hải (Mini pool room 5 mins to the beach)"
15_17,Khách Sạn Seana (Seana Hotel)
15_19,Chung cư studio 40 m² có 1 phòng tắm riêng ở Vĩnh Hòa (603 Amazing Bay View Nha Trang north Apartment)
15_21,"Chung cư 58 m² 2 phòng ngủ, 2 phòng tắm riêng ở Vĩnh Phước (Tiger Apartments)"
15_22,"Chung cư 47 m² 1 phòng ngủ, 1 phòng tắm riêng ở Lộc Thọ (Sea view Family 2 adult 2 children Free Pool & Gym)"
15_23,"Biệt thự 300 m² 3 phòng ngủ, 4 phòng tắm riêng ở Biển Bãi Dài (Pool villa by the long beach in Wyndham resort)"
15_25,"Chung cư 38 m² 1 phòng ngủ, 1 phòng tắm riêng ở Tân Lập (Căn Hộ/Studio Đầy Đủ Tiện Nghi Giá Rẻ TạiNha Trang)"
15_27,Khách sạn Novotel Nha Trang (Novotel Nha Trang Hotel)
15_28,"Bungalow 24 m² 1 phòng ngủ, 1 phòng tắm riêng ở Vĩnh Phương (Colours Land Home . View garden and river)"
15_29,"Căn hộ 65 m² 1 phòng ngủ, 1 phòng tắm riêng ở Xương Huân (Coastal House Nha Trang)"
15_30,"Chung cư 70 m² 2 phòng ngủ, 2 phòng tắm riêng ở Vĩnh Phước (Beach Front Modern Condominium Comfortzone )"
16_6,Nhà The Spring - Seaview (The Spring Home Seaview Cam Ranh Khanh Hoa)
16_7,Khách sạn Grand Gosia (Grand Gosia Hotel)
16_10,Khách sạn Xavia (Xavia Hotel)
16_12,Anthesis Seaview Cam Ranh Resort
16_13,"Biệt thự 400 m² 4 phòng ngủ, 5 phòng tắm riêng ở Suối Hải (SAN VILLA )"
16_14,HANZ Panorama Grand Residencé
16_15,HANZ Muong Thanh Vien Trieu Condo Hotel
16_16,"Chung cư 87 m² 3 phòng ngủ, 2 phòng tắm riêng ở Xương Huân (Blue apartment Nha Trang)"
16_18,Khách sạn Queen Ann Nha Trang (Queen Ann Nha Trang Hotel)
16_28,Khách Sạn TTC - Michelia (TTC Hotel - Michelia)
16_30,"Căn hộ 36 m² 1 phòng ngủ, 1 phòng tắm riêng ở Biển Bãi Dài (The Empyrean Cam Ranh Beach resort)"
18_2,Cam Ranh Mystery Villas & Spa
18_8,"Nhà riêng 82 m² 3 phòng ngủ, 2 phòng tắm riêng ở Vĩnh Phước (Family Three Bedroom, Partial Sea, Washing Machine)"
18_9,"Biệt thự 700 m² 5 phòng ngủ, 3 phòng tắm riêng ở Vĩnh Thạnh (Nha Trang Riverside Villa)"
18_10,"Căn hộ 100 m² 3 phòng ngủ, 2 phòng tắm riêng ở Lộc Thọ (Maple 3 bedroom apartment)"
18_11,Mường Thanh Nha Trang Poli Apartment
18_12,Khách Sạn Vesna (Vesna Hotel)
18_13,The Arena Cam Ranh Beach seaside
18_15,"Căn hộ 162 m² 2 phòng ngủ, 2 phòng tắm riêng ở Lộc Thọ (The Costa 2 Bedrooms SeaView Luxury)"
18_16,Muong Thanh Beachfront Apartment Nha Trang
18_17,Gold Coast Nha Trang Luxury Apartment - Ocean View
18_19,Hotel The Sun
18_21,"Biệt thự 1300 m² 5 phòng ngủ, 5 phòng tắm riêng ở Thôn Cát Lợi (MIER VILLA- Nha Trang)"
18_25,"Căn hộ 500 m² 3 phòng ngủ, 4 phòng tắm riêng ở Lộc Thọ (The Unique Ocean Duplex Sky Villa in the central)"
18_26,"Căn hộ 35 m² 1 phòng ngủ, 1 phòng tắm riêng ở Biển Bãi Dài (Rosemary Home @ Long Beach- Cam Ranh)"
18_27,"Khu nghỉ dưỡng, Khách sạn và Spa Yasaka Sài Gòn (Yasaka Saigon Resort Hotel & Spa)"
18_28,"Căn hộ 45 m² 1 phòng ngủ, 1 phòng tắm riêng ở Vĩnh Phước (Bay Dieu Homestay)"
18_29,"Căn hộ 25 m² 4 phòng ngủ, 1 phòng tắm riêng ở Vĩnh Hòa (Huy Khang HOMESTAY)"
19_2,Lyn Panorama Nha Trang
19_3,"Nhà trệt 150 m² 2 phòng ngủ, 2 phòng tắm riêng ở Phước Long (Đất Lành Homestay )"
19_4,Căn hộ studio 1100 m² có 1 phòng tắm riêng ở Vĩnh Phước (MCR Apartments Nha Trang)
19_5,"Nhà mặt đất 25 m² 1 phòng ngủ, 1 phòng tắm riêng ở Vĩnh Phước (NEVA HOTEL NHA TRANG ( DOUBLE ROOM))"
19_6,Masova Hotel
19_7,"Căn hộ 25 m² 1 phòng ngủ, 1 phòng tắm riêng ở Vĩnh Hòa (LASON - Studio Hotel in Nha Trang)"
19_16,Khách sạn Sochi (Sochi Hotel)
20_18,Khách Sạn Crown Nha Trang (Crown Hotel Nha Trang)
20_27,"Nhà riêng 45 m² 1 phòng ngủ, 1 phòng tắm riêng ở Lộc Thọ (Mountain view highfloor std center free gym pool)"
20_28,Santorini Villa Cam Ranh
21_4,"Nhà riêng 35 m² 1 phòng ngủ, 1 phòng tắm riêng ở Lộc Thọ (Full-facility Beachfront Apartment)"
21_5,"Nhà riêng 136 m² 4 phòng ngủ, 5 phòng tắm riêng ở Cam Hải Đông (Beach side - Perfect for family)"
21_7,"Nhà riêng 300 m² 2 phòng ngủ, 2 phòng tắm riêng ở Biển Bãi Dài (Wyndham Cam Ranh - Biệt thự 2 phòng ngủ view biển)"
21_8,Khách sạn Alana Nha Trang (Alana Nha Trang Beach Hotel)
21_9,"Nhà riêng 300 m² 2 phòng ngủ, 3 phòng tắm riêng ở Biển Bãi Dài (Villa 2 phòng ngủ sát biển - Hồ bơi riêng)"
21_10,"Căn hộ 66 m² 2 phòng ngủ, 2 phòng tắm riêng ở Vĩnh Phước (Căn hộ sang tron đầy đủ tiện nghi)"
21_14,"Căn hộ 80 m² 2 phòng ngủ, 2 phòng tắm riêng ở Vĩnh Phước (Căn hộ chung cư view biển, bể bơi lớn)"
21_15,"Biệt thự 300 m² 3 phòng ngủ, 4 phòng tắm riêng ở Biển Bãi Dài (Wyndham Cam Ranh - Biệt thự 3 phòng ngủ view biển)"
21_16,"Biệt thự 240 m² 3 phòng ngủ, 4 phòng tắm riêng ở Biển Bãi Dài (Villa Cam Ranh - 3 phòng view biển có bể bơi riêng)"
21_27,Khách Sạn Senia Nha Trang (Senia Hotel)
22_1,Khách sạn Galina & Spa (Galina Hotel & Spa)
22_7,Khách Sạn và Spa Emerald Bay (Emerald Bay Hotel and Spa)
22_16,Venue Hotel
23_5,Residence Inn Villa Cam Ranh
23_15,Condotel Arena's at Bai Dai Beach Nha Trang
23_25,Khách sạn Quinter Central Nha Trang (Quinter Central Nha Trang Hotel)
24_2,"Biệt thự 300 m² 5 phòng ngủ, 5 phòng tắm riêng ở Vĩnh Trường (Villa An Vien Pool Private)"
24_3,"Căn hộ 60 m² 2 phòng ngủ, 2 phòng tắm riêng ở Vĩnh Hiệp (Happy Home)"
24_5,Khách sạn Pavillon Garden Nha Trang (Pavillon Garden Hotel Nha Trang)
24_8,"Chung cư 45 m² 1 phòng ngủ, 1 phòng tắm riêng ở Vĩnh Phước (Tulip Apartment & Hotel in Nha Trang)"
24_10,"Biệt thự 650 m² 5 phòng ngủ, 5 phòng tắm riêng ở Lộc Thọ (Casa Blanca Villas)"
24_17,MAJESTIC PREMIUM
24_22,Rigel Hotel
24_30,Spring Home-The Cam Ranh Resort
25_10,Khách Sạn Agnes Nha Trang (Agnes Nha Trang Hotel)
26_7,KHÁCH SẠN và CĂN HỘ AZURA GOLD (AZURA GOLD HOTEL and APARTMENT)
26_17,Aquamarine Resort Hotel Cam Ranh
26_19,"Căn hộ 100 m² 3 phòng ngủ, 2 phòng tắm riêng ở Lộc Thọ (3 bedroom apartment,balcony in Maple building)"
26_21,"Chung cư 42 m² 1 phòng ngủ, 1 phòng tắm riêng ở Phước Long (7S Hoang Anh Hotel & Apartment)"
26_23,"Căn hộ 30 m² 1 phòng ngủ, 1 phòng tắm riêng ở Vĩnh Hòa (LASON Hotel in Nha Trang)"
26_27,Nha Trang Lodge Hotel
26_29,"Căn hộ 45 m² 1 phòng ngủ, 1 phòng tắm riêng ở Lộc Thọ (Sea view from above Nha Trang)"
27_2,"Biệt thự 300 m² 6 phòng ngủ, 6 phòng tắm riêng ở Vĩnh Trường (BEACH FRONT VILLA)"
27_3,"Nhà riêng 35 m² 1 phòng ngủ, 1 phòng tắm riêng ở Lộc Thọ (Oceanfront Apartment with Private Beach)"
27_5,"Căn hộ 65 m² 1 phòng ngủ, 1 phòng tắm riêng ở Xương Huân (Grand suite for business trip @ breakfast included)"
27_12,Vanda Hotel Nha Trang
27_17,Luu Gia Hotel
27_20,"Căn hộ 40 m² 1 phòng ngủ, 1 phòng tắm riêng ở Biển Bãi Dài (Cam Ranh Homestay OceanView)"
27_27,BN Center Hotel - Nguyen Thi Minh Khai
28_7,Khách sạn Le Soleil Nha Trang (Le Soleil Hotel Nha Trang)
28_24,InterContinental Residences Nha Trang
29_4,Khách sạn Mỹ Ca (My Ca Hotel)
29_14,Moonlight Bay Panorama Ocean View
29_23,"Chung cư 70 m² 3 phòng ngủ, 2 phòng tắm riêng ở Vĩnh Phước (Three Bedroom Ocean View Residence)"
29_24,Ccasa hostel
29_25,"Căn hộ 77 m² 2 phòng ngủ, 2 phòng tắm riêng ở Vĩnh Phước (BIG PROMO Apartment with 2 bedrooms, beach views)"
29_28,"Biệt thự 214 m² 4 phòng ngủ, 0 phòng tắm riêng ở Cam Hải Đông (resort Nha Trang)"
29_30,"Nhà riêng studio 43 m² có 1 phòng tắm riêng ở Tân Lập (Direct seaview apartment, Nha Trang Panorama)"
30_11,Wise Stay Gold Coast
30_18,Sun City Hotel
30_26,Green Home Nha Trang
31_4,Khách sạn TND (TND Hotel)
32_14,An Vista Hotel
32_24,Grand Ocean Panorama Nha Trang
32_28,"Căn hộ 51 m² 1 phòng ngủ, 1 phòng tắm riêng ở Lộc Thọ (Xin Chào Apartment - 2 bedroom with sea view)"
32_29,"Chung cư 37 m² 1 phòng ngủ, 1 phòng tắm riêng ở Lộc Thọ (Perfect view Beach in Central Nha Trang)"
33_1,"Nhà mặt đất 30 m² 5 phòng ngủ, 1 phòng tắm riêng ở Vĩnh Hòa (AN KHANG Apartment - City/SeaView Apart(02 people))"
33_2,"Chung cư 70 m² 3 phòng ngủ, 2 phòng tắm riêng ở Vĩnh Phước (Cozy apartment @6 people, three bedrooms sea view)"
33_3,Khánh An Hotel
33_4,Panorama Beachfront Nha Trang Condotel
33_5,Nhà riêng studio 35 m² có 1 phòng tắm riêng ở Lộc Thọ (Bay View Oceanfront Studio Kitchen 2107A| Fan-only)
33_6,"Nhà mặt đất 100 m² 2 phòng ngủ, 2 phòng tắm riêng ở Vĩnh Hòa (Bella house)"
33_7,"Nhà riêng 64 m² 2 phòng ngủ, 2 phòng tắm riêng ở Tân Lập (La Đà homestay)"
33_8,"Chung cư 70 m² 3 phòng ngủ, 2 phòng tắm riêng ở Vĩnh Phước (Luxury apartment with three bedrooms ocean view)"
33_9,"Căn hộ 42 m² 1 phòng ngủ, 1 phòng tắm riêng ở Lộc Thọ (Panorama Nha Trang by NiceStay)"
33_10,"Nhà riêng 50 m² 1 phòng ngủ, 1 phòng tắm riêng ở Trung tâm thành phố Cần Thơ (Căn hộ Gold Coast Nha Trang view biển cực đẹp)"
33_11,"Căn hộ 52 m² 1 phòng ngủ, 1 phòng tắm riêng ở Lộc Thọ (Family Sea View + Free Pool at Panorama Nha Trang )"
33_12,"Căn hộ 70 m² 2 phòng ngủ, 2 phòng tắm riêng ở Vĩnh Phước (GREEN VACATION - 2BEDROOMS –12A06-OC1B-Seaview )"
33_14,"Căn hộ 70 m² 2 phòng ngủ, 2 phòng tắm riêng ở Biển Bãi Dài (Gia đình là tất cả)"
33_15,"Căn hộ 60 m² 1 phòng ngủ, 2 phòng tắm riêng ở Vĩnh Trường (Beach front condo tel)"
33_16,"Chung cư 65 m² 1 phòng ngủ, 1 phòng tắm riêng ở Lộc Thọ (Apartment in Nha Trang)"
33_17,"Căn hộ 33 m² 1 phòng ngủ, 1 phòng tắm riêng ở Biển Bãi Dài (Apartment Cam Ranh bay)"
33_18,Chung cư studio 35 m² có 1 phòng tắm riêng ở Vĩnh Phước (STUDIO 3924A- THE BEST PANORAMIC NHA TRANG SEAVIEW)
33_19,"Căn hộ 45 m² 1 phòng ngủ, 1 phòng tắm riêng ở Lộc Thọ (SeaScape Panorama Greand Residences Nha Trang)"
33_20,The Arena Cam Ranh Beach Resort - Near The Airport
33_21,Khách sạn Long Hồ (Long Hồ Hotel)
33_22,Khách Sạn Sun Kiss (Sun Kiss Hotel)
33_29,Hong Mai Hotel Nha Trang
35_6,Bondi Backpackers (Bondi Backpackers Nha Trang)
35_13,"Nhà riêng 100 m² 1 phòng ngủ, 1 phòng tắm riêng ở Xương Huân (Apartment Sea View Full Option)"
35_14,"Căn hộ 71 m² 2 phòng ngủ, 2 phòng tắm riêng ở Vĩnh Phước (Bống apartment)"
35_15,"Căn hộ 37 m² 1 phòng ngủ, 1 phòng tắm riêng ở Biển Bãi Dài (Rosy Apartment)"
35_16,Khách Sạn Ruby (Ruby Hotel)
35_17,"Chung cư 92 m² 2 phòng ngủ, 2 phòng tắm riêng ở Vĩnh Phước (Sea view house)"
35_18,"Chung cư 33 m² 1 phòng ngủ, 1 phòng tắm riêng ở Lộc Thọ (Căn hộ mini nội thất VIP)"
35_19,"Nhà riêng 70 m² 2 phòng ngủ, 2 phòng tắm riêng ở Vĩnh Phước (Apartment Beachfront Nha Trang)"
35_22,"Căn hộ 68 m² 2 phòng ngủ, 2 phòng tắm riêng ở Xương Huân (SKYLINE SERVICED APARTMENTS (1510- 1512))"
35_26,Khách sạn Galliot (Galliot Hotel Nha Trang)
35_28,"Căn hộ 70 m² 2 phòng ngủ, 2 phòng tắm riêng ở Vĩnh Phước (Ocean view muong thanh vien trieu apartment)"
35_29,"Căn hộ 68 m² 2 phòng ngủ, 2 phòng tắm riêng ở Vĩnh Phước (Muong Thanh Vien Trieu Luxury Nha Trang)"
36_6,Khu Du Lịch Hòn Ông (Whale Island Resort)
36_13,Căn hộ HighSea Nha Trang (HighSea Nha Trang Apartments)
36_21,"Căn hộ 100 m² 1 phòng ngủ, 1 phòng tắm riêng ở Biển Bãi Dài (Arena Premium Beach Front King/Twin Bedroom)"
36_22,"Căn hộ 60 m² 2 phòng ngủ, 2 phòng tắm riêng ở Tân Lập (Nha Trang HUD Building Apartment)"
36_23,Khách sạn Nalicas (Nalicas Hotel)
36_24,"Nhà mặt đất 30 m² 1 phòng ngủ, 1 phòng tắm riêng ở Xương Huân (Palm City Luxury Stay)"
37_3,Sky Beach D20 Nha Trang
38_5,La Casa Hotel Nha Trang
38_7,Khách Sạn Arima (Arima Hotel)
38_8,"Biệt thự 214 m² 3 phòng ngủ, 4 phòng tắm riêng ở Cam Hải Đông (Resort)"
38_10,"Căn hộ 70 m² 2 phòng ngủ, 2 phòng tắm riêng ở Xương Huân (Ama Home Nha Trang - Căn hộ cao cấp view biển)"
38_11,"Chung cư 48 m² 1 phòng ngủ, 1 phòng tắm riêng ở Lộc Thọ (OCEAN VEIWS BANCONY)"
38_12,"Căn hộ 70 m² 2 phòng ngủ, 2 phòng tắm riêng ở Vĩnh Phước (Lam House Nha Trang Apartment)"
38_13,"Căn hộ 75 m² 2 phòng ngủ, 2 phòng tắm riêng ở Vĩnh Phước (Sunny House)"
38_14,"Căn hộ 35 m² 1 phòng ngủ, 1 phòng tắm riêng ở Lộc Thọ (Deluxe Sea View with balcony)"
38_15,Sun And Sea Apartment Nha Trang
38_16,"Căn hộ 37 m² 1 phòng ngủ, 1 phòng tắm riêng ở Cam Hải Đông (Delux Cam Ranh)"
38_17,"Căn hộ 71 m² 1 phòng ngủ, 2 phòng tắm riêng ở Biển Bãi Dài (Alma Resort: Balcony, Sea view, 1 Bed Room)"
38_18,"Căn hộ 45 m² 1 phòng ngủ, 1 phòng tắm riêng ở Vĩnh Phước (1 bedroom luxury apartment with infinity pool)"
38_19,"Chung cư 50 m² 2 phòng ngủ, 1 phòng tắm riêng ở Vĩnh Trường (Lotus home Nha Trang, Luxury 2-bedroom apartment)"
38_20,"Nhà riêng 200 m² 2 phòng ngủ, 6 phòng tắm riêng ở Vịnh Vân Phong (nhà nghỉ homestay yên lành dốc lết)"
38_21,"Chung cư 35 m² 1 phòng ngủ, 1 phòng tắm riêng ở Lộc Thọ (Room with 2 beds(4 people)- La Sea 2)"
38_22,"Căn hộ 80 m² 2 phòng ngủ, 2 phòng tắm riêng ở Xương Huân (E4.7- Ốc Đảo Xanh Phố Biển - Chợ Đầm)"
38_25,Khu nghỉ dưỡng Paradise Dốc Lết - Trọn gói (Paradise Resort Doc Let - All Inclusive)
39_6,Khách sạn Magnolia Cam Ranh (Magnolia Hotel Cam Ranh)
39_7,Khách sạn & Căn hộ Moonlight Bay (Moonlight Bay hotel & apartment)
39_8,SANDALS ISLAND HOTEL
39_17,Gold Coast Hotel Nha Trang
40_1,Stella Maris Nha Trang Hotel
40_11,iSea by the sea
40_21,Khu biệt thự Casa Blanca (Casa Blanca Villas)
41_1,Khách sạn West Lake - Gần Bãi Dài (West Lake Hotel - Near Bãi Dài Beach)
41_2,"Nhà riêng 68 m² 1 phòng ngủ, 2 phòng tắm riêng ở Xương Huân (Căn hộ 3 giường full nội thất)"
41_4,"Căn hộ 43 m² 1 phòng ngủ, 1 phòng tắm riêng ở Lộc Thọ (Luxury seaview room Panorama Nha Trang by HLG)"
41_5,"Căn hộ 60 m² 2 phòng ngủ, 2 phòng tắm riêng ở Vĩnh Phước (Comfortable apartment with 2 Bedrooms - 3 Beds)"
41_19,Khách Sạn Aloha Nha Trang (Aloha Hotel Nha Trang)
41_22,Khách Sạn Nha Trang Pearl (Nha Trang Pearl Hotel)
42_1,Phi Yen Muong Thanh 60 Apartment
42_10,The Oceanfront Apartment At Cam Ranh
42_29,Khách sạn boutique CoastHouse (Coast House Nha Trang)
43_9,Khách sạn Gibson Nha Trang (GIBSON HOTEL NHA TRANG)
43_19,Escalade Experience Resort
43_29,Khách sạn Thái Bình Cam Ranh (Thai Binh Cam Ranh Hotel)
9_17,Angela Cam Ranh( gần sân bay Cam Ranh) (Angela Cam Ranh( near the Airport Cam Ranh))
6_9,Angella Hotel Nha Trang
9_23,Apartment in Wyndham Garden Cam Ranh
14_10,Aqua De Hotel Panorama Nha Trang
11_20,Arena Cam Ranh Seaview near Airport
19_11,Arena Condotel Cam Ranh
12_21,Arena Seaview Cam Ranh Beach Resort Nha Trang Best Location Near The Airport
7_12,Arenas Cam Ranh Resort
10_11,BEE HOTEL
17_11,Biệt Thự Venity Nha Trang (Venity Villa Nha Trang)
43_15,"Biệt thự 1200 m² 9 phòng ngủ, 9 phòng tắm riêng ở Vĩnh Trường (Villa Cao Cấp Ruby Ocean View Nha Trang)"
21_29,"Biệt thự 157 m² 2 phòng ngủ, 2 phòng tắm riêng ở Biển Bãi Dài (biệt thự loại G 2 phòng ngủ )"
27_8,"Biệt thự 157 m² 2 phòng ngủ, 3 phòng tắm riêng ở Biển Bãi Dài (Romantic ocean view 2-bedroom superior suite)"
8_24,"Biệt thự 200 m² 5 phòng ngủ, 5 phòng tắm riêng ở Phước Long (Cosiana Villa Nha Trang)"
42_26,"Biệt thự 200 m² 6 phòng ngủ, 4 phòng tắm riêng ở Biển Bãi Dài (Four bedroom sưimming pool resort villa)"
23_8,"Biệt thự 214 m² 3 phòng ngủ, 4 phòng tắm riêng ở Cam Hải Đông (Your luxury 3-bedroom villa on the beach)"
10_7,"Biệt thự 240 m² 3 phòng ngủ, 4 phòng tắm riêng ở Biển Bãi Dài (Biệt thự hồ bơi riêng Cam Ranh Mystery Villa & Spa)"
26_9,"Biệt thự 240 m² 3 phòng ngủ, 4 phòng tắm riêng ở Biển Bãi Dài (Villa 3 phòng ngủ Cam Ranh Mystery Villas & Spa)"
33_25,"Biệt thự 25 m² 1 phòng ngủ, 0 phòng tắm riêng ở Lộc Thọ (ZK Homestay 2)"
37_28,"Biệt thự 250 m² 6 phòng ngủ, 6 phòng tắm riêng ở Cam Hải Đông (Room#102- Garden view- H2B Homestay Bai Dai Beach)"
8_2,"Biệt thự 29 m² 1 phòng ngủ, 1 phòng tắm riêng ở Cam Hải Đông (Mountains View- H2B Homestay)"
8_1,"Biệt thự 300 m² 2 phòng ngủ, 2 phòng tắm riêng ở Lộc Thọ (Rooftop pool villa by the bay)"
30_14,"Biệt thự 384 m² 3 phòng ngủ, 3 phòng tắm riêng ở Biển Bãi Dài (Resort Wyndham Garden Cam Ranh Nha Trang)"
20_17,"Biệt thự 400 m² 4 phòng ngủ, 5 phòng tắm riêng ở Vĩnh Trường (Bling Bling Villa)"
31_18,"Biệt thự 420 m² 4 phòng ngủ, 4 phòng tắm riêng ở Vĩnh Trường (Discount Early Booker: Ocean Villa 4BRs Pool Sauna)"
28_18,"Biệt thự 45 m² 2 phòng ngủ, 2 phòng tắm riêng ở Vĩnh Ngọc (ZK klaus)"
38_29,"Biệt thự 500 m² 5 phòng ngủ, 4 phòng tắm riêng ở Vĩnh Trường (MERMAID VILLA )"
31_7,"Biệt thự 500 m² 6 phòng ngủ, 6 phòng tắm riêng ở Vĩnh Trường (Big Promotion: Thanh Van Villa; Pool, BBQ, Karaoke)"
22_15,"Biệt thự 727 m² 8 phòng ngủ, 8 phòng tắm riêng ở Vĩnh Hòa (Villa Eau Nah Trang :: 나트랑에서 즐기는 우리만의 럭셔리한 풀파티)"
39_14,"Biệt thự 75 m² 2 phòng ngủ, 2 phòng tắm riêng ở Biển Bãi Dài (Villa vinmeliá - Just for you!)"
10_1,Biệt thự Valentine Nha Trang B8 (Valentine villa Nha Trang B8)
4_11,Blue Sea 2 Hotel Nha Trang
14_2,CONDOTEL ARENA SEA VIEW - VG
9_22,"Chung cư 20 m² 1 phòng ngủ, 1 phòng tắm riêng ở Vĩnh Trường (Lotus home Nha Trang, Homestay)"
26_10,"Chung cư 2000 m² 1 phòng ngủ, 1 phòng tắm riêng ở Vĩnh Ngọc (ZK Homestay )"
36_10,"Chung cư 27 m² 1 phòng ngủ, 1 phòng tắm riêng ở Vĩnh Hòa (An Khang Apartment - Mountain View(27m2-02 paxs))"
10_26,"Chung cư 32 m² 1 phòng ngủ, 1 phòng tắm riêng ở Vĩnh Hòa (apartment)"
30_9,"Chung cư 35 m² 1 phòng ngủ, 1 phòng tắm riêng ở Lộc Thọ (2102 condotel)"
36_27,"Chung cư 35 m² 1 phòng ngủ, 1 phòng tắm riêng ở Lộc Thọ (Apartment City view Panorama Nha Trang)"
37_27,"Chung cư 35 m² 1 phòng ngủ, 1 phòng tắm riêng ở Phước Long (COLORS APARTMENT TAKE THE WINDY BALCONY)"
34_21,"Chung cư 35 m² 1 phòng ngủ, 1 phòng tắm riêng ở Vĩnh Hải (Romantic mini loft near the beach - Blue theme)"
8_5,"Chung cư 35 m² 2 phòng ngủ, 1 phòng tắm riêng ở Phước Long (Hung Thanh Luxury Apartment)"
39_29,"Chung cư 35 m² 2 phòng ngủ, 1 phòng tắm riêng ở Vĩnh Phước (STUDIO 3920B- THE BEST PANORAMIC NHA TRANG SEAVIEW)"
31_22,"Chung cư 38 m² 1 phòng ngủ, 0 phòng tắm riêng ở Phước Long (Căn Hộ Cao Cấp Nha Trang Giá Rẻ /Bồn Tắm Chanh Sả )"
25_7,"Chung cư 38 m² 1 phòng ngủ, 1 phòng tắm riêng ở Quận 1 (Need to rent a new apartment building right )"
34_11,"Chung cư 40 m² 1 phòng ngủ, 1 phòng tắm riêng ở Vĩnh Phước (Cong Thanh Apartment - TiDi)"
31_10,"Chung cư 40 m² 1 phòng ngủ, 2 phòng tắm riêng ở Cam Hải Đông (resort 5 star at Best beach in Vietnam)"
32_20,"Chung cư 45 m² 1 phòng ngủ, 1 phòng tắm riêng ở Lộc Thọ (Avis Condotel beachfront Nha Trang - Studio 5*)"
39_19,"Chung cư 45 m² 1 phòng ngủ, 1 phòng tắm riêng ở Lộc Thọ (Two Bed Ocean View Rubies Apartment)"
23_4,"Chung cư 45 m² 1 phòng ngủ, 1 phòng tắm riêng ở Vĩnh Hòa (Scenia Beauty)"
25_22,"Chung cư 45 m² 1 phòng ngủ, 1 phòng tắm riêng ở Vĩnh Hải (Apartment Nha Trang Beach Ocean And Mountain View)"
26_26,"Chung cư 48 m² 1 phòng ngủ, 1 phòng tắm riêng ở Lộc Thọ (Family Sea View Apartment at Panorama Nha Trang)"
7_21,"Chung cư 50 m² 1 phòng ngủ, 1 phòng tắm riêng ở Lộc Thọ (Family Sea View + Free Pool at Panorama Nha Trang )"
42_4,"Chung cư 50 m² 1 phòng ngủ, 1 phòng tắm riêng ở Phước Long (Apartment color)"
41_7,"Chung cư 50 m² 2 phòng ngủ, 1 phòng tắm riêng ở Lộc Thọ (Two Bed Rooms Ocean & City View Rubies Apartment)"
24_1,"Chung cư 50 m² 2 phòng ngủ, 1 phòng tắm riêng ở Ngọc Hiệp (Apartment in Champa resort 5 star (City center))"
30_6,"Chung cư 54 m² 2 phòng ngủ, 1 phòng tắm riêng ở Vĩnh Phước (Family apartment )"
11_2,"Chung cư 57 m² 1 phòng ngủ, 1 phòng tắm riêng ở Lộc Thọ (Spacious Hamilton Apt 1A, very close to beach)"
16_22,"Chung cư 59 m² 2 phòng ngủ, 2 phòng tắm riêng ở Vĩnh Phước (Beach.front & Sea.view |Dandy Nha Trang Apartment)"
28_9,"Chung cư 60 m² 1 phòng ngủ, 1 phòng tắm riêng ở Vĩnh Hòa (Free Motorbike - VIP Top Apartment - TV w/ Netflix)"
31_9,"Chung cư 60 m² 1 phòng ngủ, 1 phòng tắm riêng ở Vĩnh Hải (Sunshine apartment)"
26_25,"Chung cư 60 m² 2 phòng ngủ, 1 phòng tắm riêng ở Vĩnh Phước (Homestay Mường Thanh Hòn Chồng)"
40_10,"Chung cư 60 m² 2 phòng ngủ, 1 phòng tắm riêng ở Vĩnh Phước (Nha trang Apartment)"
17_17,"Chung cư 60 m² 2 phòng ngủ, 2 phòng tắm riêng ở Lộc Thọ (Apartments Nha Trang Center Sea View)"
6_1,"Chung cư 60 m² 2 phòng ngủ, 2 phòng tắm riêng ở Vĩnh Phước (Beach and The City Condominium Comfortzone(16th))"
27_6,"Chung cư 60 m² 2 phòng ngủ, 2 phòng tắm riêng ở Xương Huân (Nha Trang Town)"
36_25,"Chung cư 63 m² 2 phòng ngủ, 1 phòng tắm riêng ở Lộc Thọ (Panorama Seaview 63m2, Huge Balcony, Pools & Gym)"
23_6,"Chung cư 63 m² 2 phòng ngủ, 2 phòng tắm riêng ở Vĩnh Trường (Viet Nha Trang Apartment A25-03)"
40_19,"Chung cư 64 m² 2 phòng ngủ, 2 phòng tắm riêng ở Vĩnh Phước (Nallan Host - 2BR APT SEA FRONT - FREE AIRPORT P/U)"
43_27,"Chung cư 64 m² 3 phòng ngủ, 2 phòng tắm riêng ở Vĩnh Phước (Warmly 3Brs APT - SEAVIEW - FREE ✈ P/U , Breakfast)"
38_9,"Chung cư 65 m² 2 phòng ngủ, 2 phòng tắm riêng ở Vĩnh Phước (Thuy linh Apartment)"
17_1,"Chung cư 68 m² 2 phòng ngủ, 2 phòng tắm riêng ở Xương Huân (Baymax Home. Muong Thanh Apartment 2BR Riverview)"
23_28,"Chung cư 70 m² 1 phòng ngủ, 1 phòng tắm riêng ở Cam Hải Đông (Your home on the beach)"
32_27,"Chung cư 70 m² 2 phòng ngủ, 2 phòng tắm riêng ở Vĩnh Phước (Lala Seaview Homestay)"
43_12,"Chung cư 70 m² 2 phòng ngủ, 2 phòng tắm riêng ở Vĩnh Phước (Pearl Two Bedroom Suite)"
43_11,"Chung cư 70 m² 2 phòng ngủ, 2 phòng tắm riêng ở Vĩnh Phước (Vintage Two Bedroom Condo)"
10_30,"Chung cư 70 m² 2 phòng ngủ, 2 phòng tắm riêng ở Vĩnh Phước (snail ocean view apartmen hotel)"
6_24,"Chung cư 70 m² 2 phòng ngủ, 2 phòng tắm riêng ở Xương Huân (Muong Thanh Apartment)"
40_3,"Chung cư 71 m² 1 phòng ngủ, 1 phòng tắm riêng ở Cam Hải Đông (Resort Cam Ranh - 5 star resort Experience)"
30_19,"Chung cư 71 m² 2 phòng ngủ, 2 phòng tắm riêng ở Vĩnh Phước (2 Beautiful Beach View bedrooms New Apartment)"
36_12,"Chung cư 72 m² 2 phòng ngủ, 2 phòng tắm riêng ở Vĩnh Phước (Beach View 3 Condominum Comfortzone(12a))"
9_16,"Chung cư 72 m² 2 phòng ngủ, 2 phòng tắm riêng ở Vĩnh Phước (Nha Trang Beach Front Condominium Comfortzone)"
23_1,"Chung cư 80 m² 2 phòng ngủ, 2 phòng tắm riêng ở Vĩnh Phước (Lala Seaview Homestay)"
19_17,"Chung cư 80 m² 2 phòng ngủ, 2 phòng tắm riêng ở Vĩnh Phước (Nice view apartment for rent in Nha Trang Viet Nam)"
27_26,"Chung cư 80 m² 2 phòng ngủ, 2 phòng tắm riêng ở Vĩnh Phước (snail ocean view apartmen Hotel-1532)"
21_12,Chung cư studio 230 m² có 1 phòng tắm riêng ở Phước Long (HK Apartment- just 3 mins away from the beach)
23_21,Chung cư studio 36 m² có 1 phòng tắm riêng ở Vĩnh Phước (STUDIO 3922A - WITH PANORAMIC VIEW NHATRANG BAY )
25_16,Chung cư studio 40 m² có 1 phòng tắm riêng ở Vĩnh Hòa (Free Motorbike - 1st Floor Apartment-TV w/ Netflix)
10_27,Chung cư studio 43 m² có 1 phòng tắm riêng ở Vĩnh Hòa (B15B05 Scenia Bay Apartment Nha Trang)
35_23,Chung cư studio 50 m² có 1 phòng tắm riêng ở Lộc Thọ (City Center -Studio Apartment Ocean View)
26_16,Chung cư studio 52 m² có 1 phòng tắm riêng ở Lộc Thọ (Betty's smile)
43_14,Chung cư studio 60 m² có 1 phòng tắm riêng ở Lộc Thọ (Warm house)
43_22,Chung cư studio 60 m² có 2 phòng tắm riêng ở Vĩnh Phước (Can ho dich vu Times Muong Thanh)
43_18,Chung cư studio 97 m² có 2 phòng tắm riêng ở Lộc Thọ (Dream house)
11_11,Citadines Bayfront Nha Trang
40_5,"Căn hộ 100 m² 1 phòng ngủ, 1 phòng tắm riêng ở Lộc Thọ (M&N House)"
30_16,"Căn hộ 100 m² 1 phòng ngủ, 1 phòng tắm riêng ở Vĩnh Nguyên (LANXY HOTEL NHA TRANG)"
34_5,"Căn hộ 100 m² 1 phòng ngủ, 1 phòng tắm riêng ở Xương Huân (Căn Hộ Gold Coast - Vân Anh Condotel)"
43_20,"Căn hộ 100 m² 1 phòng ngủ, 1 phòng tắm riêng ở Xương Huân (Nice beach view, suite for relaxing or long stay)"
13_28,"Căn hộ 100 m² 1 phòng ngủ, 2 phòng tắm riêng ở Biển Bãi Dài (Wellcome to Cuong's homey apartment!!)"
43_4,"Căn hộ 100 m² 2 phòng ngủ, 2 phòng tắm riêng ở Xương Huân (An's apartment)"
43_10,"Căn hộ 100 m² 2 phòng ngủ, 3 phòng tắm riêng ở Lộc Thọ (2 BR seaview @breakfast@center)"
17_16,"Căn hộ 1000 m² 1 phòng ngủ, 1 phòng tắm riêng ở Vịnh Vân Phong (Moonlight)"
7_19,"Căn hộ 1000 m² 14 phòng ngủ, 14 phòng tắm riêng ở Suối Hải (Motel An Bình _ homestay)"
28_30,"Căn hộ 1000 m² 21 phòng ngủ, 21 phòng tắm riêng ở Lộc Thọ (DU THUYỀN SEALIFE NHA TRANG)"
16_21,"Căn hộ 106 m² 3 phòng ngủ, 2 phòng tắm riêng ở Vĩnh Phước (Tom's Sea view Smart Huge 3bdr-Apt. in Nha Trang)"
19_10,"Căn hộ 112 m² 2 phòng ngủ, 3 phòng tắm riêng ở Biển Bãi Dài (Alma Resort: Balcony, Sea view, 2 Bed Room)"
41_3,"Căn hộ 219 m² 3 phòng ngủ, 1 phòng tắm riêng ở Vĩnh Hải (Khoảng sân trực biển, có thể tổ chức tiệc BBQ)"
20_10,"Căn hộ 28 m² 1 phòng ngủ, 1 phòng tắm riêng ở Vĩnh Hòa (Beautiful balcony room towards to the east)"
18_24,"Căn hộ 30 m² 1 phòng ngủ, 1 phòng tắm riêng ở Tân Lập (Nice room in boutique hotel in central, near beach)"
9_5,"Căn hộ 30 m² 1 phòng ngủ, 1 phòng tắm riêng ở Vĩnh Hòa (Affordable and cozy studio)"
25_20,"Căn hộ 30 m² 1 phòng ngủ, 1 phòng tắm riêng ở Xương Huân (Khải Phong Apartment )"
9_10,"Căn hộ 33 m² 1 phòng ngủ, 1 phòng tắm riêng ở Cam Ranh (LIA 05-15)"
7_29,"Căn hộ 35 m² 1 phòng ngủ, 1 phòng tắm riêng ở Biển Bãi Dài (Angela Serviced Apartment (near Airport Cam Ranh))"
32_21,"Căn hộ 35 m² 1 phòng ngủ, 1 phòng tắm riêng ở Biển Bãi Dài (Arena Condotel Cam Ranh)"
26_6,"Căn hộ 35 m² 1 phòng ngủ, 1 phòng tắm riêng ở Biển Bãi Dài (Căn Hộ Nghỉ Dưỡng View Biển,Hồ Bơi 5 Sao Cam Ranh)"
35_11,"Căn hộ 35 m² 1 phòng ngủ, 1 phòng tắm riêng ở Biển Bãi Dài (Happy House Cam Ranh)"
8_26,"Căn hộ 35 m² 1 phòng ngủ, 1 phòng tắm riêng ở Biển Bãi Dài (Nghỉ dưỡng siêu rẻ dịch vụ 5 sao)"
41_16,"Căn hộ 35 m² 1 phòng ngủ, 1 phòng tắm riêng ở Biển Bãi Dài (Seaset Cam Ranh)"
38_23,"Căn hộ 35 m² 1 phòng ngủ, 1 phòng tắm riêng ở Khánh Hoà (Arena Apartment Sea View Cam Ranh Resort)"
22_18,"Căn hộ 35 m² 1 phòng ngủ, 1 phòng tắm riêng ở Lộc Thọ (Fantastic city Panorama suite by HLG)"
28_26,"Căn hộ 35 m² 1 phòng ngủ, 1 phòng tắm riêng ở Lộc Thọ (Moonlight Bay Center)"
15_8,"Căn hộ 35 m² 1 phòng ngủ, 1 phòng tắm riêng ở Lộc Thọ (QT PANORAMA NHA TRANG APARTMENT)"
42_21,"Căn hộ 36 m² 1 phòng ngủ, 1 phòng tắm riêng ở Biển Bãi Dài (Arene Cam Ranh 2 beds seaview apartment)"
33_26,"Căn hộ 36 m² 1 phòng ngủ, 1 phòng tắm riêng ở Biển Bãi Dài (Liuu Apartment Ocean view Cam Ranh)"
9_25,"Căn hộ 36 m² 1 phòng ngủ, 1 phòng tắm riêng ở Biển Bãi Dài (The Arena Cam Ranh - Chỗ nghỉ lãng mạn )"
20_24,"Căn hộ 37 m² 1 phòng ngủ, 1 phòng tắm riêng ở Biển Bãi Dài (Căn Hộ Nghỉ Dưỡng View Biển Cam Ranh Resort)"
25_17,"Căn hộ 37 m² 1 phòng ngủ, 1 phòng tắm riêng ở Biển Bãi Dài (Sea04-34)"
30_10,"Căn hộ 37 m² 1 phòng ngủ, 1 phòng tắm riêng ở Biển Bãi Dài (Seafront Apartment Cam ranh)"
26_24,"Căn hộ 37 m² 1 phòng ngủ, 1 phòng tắm riêng ở Quận Hoàn Kiếm - Hàng Bông/Quán Sứ (Cạnh bãi dài cam ranh, bãi biển đẹp nhất hành tinh)"
10_8,"Căn hộ 38 m² 1 phòng ngủ, 1 phòng tắm riêng ở Biển Bãi Dài (Arena Cam Ranh Apartment near Cam Ranh Airport)"
24_11,"Căn hộ 38 m² 1 phòng ngủ, 1 phòng tắm riêng ở Biển Bãi Dài (Arena Cam ranh resort by River)"
11_19,"Căn hộ 38 m² 1 phòng ngủ, 1 phòng tắm riêng ở Biển Bãi Dài (BLISS Seafront Apartment near Cam Ranh Airport)"
34_20,"Căn hộ 39 m² 1 phòng ngủ, 1 phòng tắm riêng ở Lộc Thọ (Justin Apartment Panorama Central Nha Trang)"
34_24,"Căn hộ 40 m² 1 phòng ngủ, 1 phòng tắm riêng ở Biển Bãi Dài (Sea Moon Cam Ranh Beach House)"
29_7,"Căn hộ 40 m² 1 phòng ngủ, 1 phòng tắm riêng ở Lộc Thọ (Deluxe seaview Hotel Emperyan Nha Trang)"
40_29,"Căn hộ 40 m² 1 phòng ngủ, 1 phòng tắm riêng ở Lộc Thọ (Native house - Panorama 2605A)"
31_15,"Căn hộ 40 m² 1 phòng ngủ, 1 phòng tắm riêng ở Lộc Thọ (Panorama Nha Trang Managed by Aqua De Hotel)"
31_27,"Căn hộ 40 m² 1 phòng ngủ, 1 phòng tắm riêng ở Vĩnh Hòa (Salt house, large room with balcony)"
23_26,"Căn hộ 40 m² 1 phòng ngủ, 1 phòng tắm riêng ở Vĩnh Phước (HNBN 5 FL Boutique Studio Room)"
14_24,"Căn hộ 40 m² 1 phòng ngủ, 1 phòng tắm riêng ở Xương Huân (PrivateRoom#Kitchen#WashingMachine#Iron#Fridge#AC)"
19_25,"Căn hộ 40 m² 1 phòng ngủ, 1 phòng tắm riêng ở Xương Huân (Room#200m from Beach_ Center of the City#)"
30_25,"Căn hộ 42 m² 1 phòng ngủ, 1 phòng tắm riêng ở Lộc Thọ (Apartment With Panoramic SeaView in Nha Trang)"
9_12,"Căn hộ 42 m² 1 phòng ngủ, 1 phòng tắm riêng ở Lộc Thọ (Free Ploo ❀ Sea View ❀ Panorama Nha Trang)"
41_13,"Căn hộ 42 m² 1 phòng ngủ, 1 phòng tắm riêng ở Lộc Thọ (Panorama Apartment Sunset Nha Trang City)"
7_17,"Căn hộ 42 m² 1 phòng ngủ, 1 phòng tắm riêng ở Lộc Thọ (Studio Balcony Sea View)"
41_11,"Căn hộ 42 m² 1 phòng ngủ, 1 phòng tắm riêng ở Vĩnh Hải (A nice apartment Sea view 28 floor Scencia Bay)"
42_9,"Căn hộ 43 m² 1 phòng ngủ, 1 phòng tắm riêng ở Biển Bãi Dài (Căn hộ khách sạn cao cấp The Arena Cam Ranh Resort)"
25_2,"Căn hộ 45 m² 1 phòng ngủ, 1 phòng tắm riêng ở Lộc Thọ (Apartment With Panoramic SeaView In Nha Trang)"
24_26,"Căn hộ 45 m² 1 phòng ngủ, 1 phòng tắm riêng ở Lộc Thọ (Căn hộ ngắm hoàng hôn trên biển 2842)"
22_5,"Căn hộ 45 m² 1 phòng ngủ, 1 phòng tắm riêng ở Lộc Thọ (PANORAMA NHA TRANG APARTMENT)"
37_18,"Căn hộ 45 m² 1 phòng ngủ, 1 phòng tắm riêng ở Lộc Thọ (Panorama grand suite with bathtub)"
25_24,"Căn hộ 45 m² 1 phòng ngủ, 1 phòng tắm riêng ở Lộc Thọ (Seabreeze Panorama Grand Residences)"
21_17,"Căn hộ 45 m² 1 phòng ngủ, 1 phòng tắm riêng ở Lộc Thọ (Sunrise Mường Thanh Apartment)"
37_20,"Căn hộ 45 m² 1 phòng ngủ, 1 phòng tắm riêng ở Lộc Thọ (Xin Chào Apartment- Căn hộ 1 phòng ngủ view biển)"
34_19,"Căn hộ 45 m² 1 phòng ngủ, 1 phòng tắm riêng ở Vĩnh Hải (Căn hộ biển sceniabay)"
21_30,"Căn hộ 45 m² 1 phòng ngủ, 1 phòng tắm riêng ở Vĩnh Hải (Luxury apartment with sea and city view)"
7_27,"Căn hộ 45 m² 1 phòng ngủ, 1 phòng tắm riêng ở Vĩnh Hải (Luxury apartment with sea view)"
11_6,"Căn hộ 45 m² 1 phòng ngủ, 1 phòng tắm riêng ở Vĩnh Hải (Scenia Bay Apartment for rent)"
32_18,"Căn hộ 48 m² 1 phòng ngủ, 1 phòng tắm riêng ở Xương Huân (Highsea Goldcoast Superview Nha Trang)"
33_13,"Căn hộ 50 m² 1 phòng ngủ, 1 phòng tắm riêng ở Vĩnh Hải (Seaside Apartment Nha Trang )"
39_23,"Căn hộ 50 m² 2 phòng ngủ, 1 phòng tắm riêng ở Lộc Thọ (Ocean View Apartment)"
36_20,"Căn hộ 50 m² 2 phòng ngủ, 1 phòng tắm riêng ở Lộc Thọ (The Moonlight Apm : Căn Hộ Mường Thanh 60 Trần Phú)"
23_23,"Căn hộ 500 m² 1 phòng ngủ, 1 phòng tắm riêng ở Phước Long (MIRACLE LUXURY HOTEL)"
20_25,"Căn hộ 51 m² 1 phòng ngủ, 1 phòng tắm riêng ở Lộc Thọ (Xin Chào Apartment- Căn Studio View biển)"
25_8,"Căn hộ 51 m² 2 phòng ngủ, 1 phòng tắm riêng ở Lộc Thọ (Xin Chào Apartment- 2 phòng ngủ view xéo biển)"
30_28,"Căn hộ 51 m² 2 phòng ngủ, 2 phòng tắm riêng ở Vĩnh Phước (Căn hộ mặt biển tuyệt đẹp phù hợp gia đình du lịch)"
41_6,"Căn hộ 52 m² 1 phòng ngủ, 1 phòng tắm riêng ở Lộc Thọ (Family Apartment at Panorama Nha Trang City view)"
32_11,"Căn hộ 52 m² 2 phòng ngủ, 2 phòng tắm riêng ở Vĩnh Phước (Căn hộ view biển Hòn Chồng - Host Lộc)"
23_19,"Căn hộ 54 m² 1 phòng ngủ, 1 phòng tắm riêng ở Lộc Thọ (You2 Panorama Apartment Deluxe City View)"
24_25,"Căn hộ 54 m² 1 phòng ngủ, 1 phòng tắm riêng ở Lộc Thọ (You2 Panorama Apartment Deluxe Ocean View)"
25_3,"Căn hộ 54 m² 1 phòng ngủ, 1 phòng tắm riêng ở Lộc Thọ (You2 Panorama Apartment Excutive Ocean View)"
25_29,"Căn hộ 54 m² 1 phòng ngủ, 1 phòng tắm riêng ở Lộc Thọ (You2 Panorama Apartment Family Ocean View)"
40_25,"Căn hộ 55 m² 1 phòng ngủ, 1 phòng tắm riêng ở Lộc Thọ (Free Pool & Spa bath Panorama Nha Trang Luxury)"
28_16,"Căn hộ 55 m² 1 phòng ngủ, 1 phòng tắm riêng ở Lộc Thọ (Grand ocean view balcony family suite )"
15_9,"Căn hộ 55 m² 1 phòng ngủ, 1 phòng tắm riêng ở Lộc Thọ (Grand panoramic ocean view suite)"
37_9,"Căn hộ 55 m² 2 phòng ngủ, 2 phòng tắm riêng ở Vĩnh Phước (2 bedrooms Family Stay Apartment - Beach-front)"
42_3,"Căn hộ 60 m² 1 phòng ngủ, 1 phòng tắm riêng ở Biển Bãi Dài (Sunshine Cam Ranh Beach House - Nha Trang)"
42_13,"Căn hộ 60 m² 1 phòng ngủ, 1 phòng tắm riêng ở Vạn Thắng (LUXURY APARTMENT)"
40_12,"Căn hộ 60 m² 2 phòng ngủ, 1 phòng tắm riêng ở Vĩnh Phước (Căn hộ du lịch cao cấp)"
39_1,"Căn hộ 60 m² 2 phòng ngủ, 1 phòng tắm riêng ở Vĩnh Phước (căn hộ du lịch mường thanh viễn triều)"
14_30,"Căn hộ 60 m² 2 phòng ngủ, 2 phòng tắm riêng ở Tân Lập (HUD Building )"
28_10,"Căn hộ 62 m² 2 phòng ngủ, 2 phòng tắm riêng ở Vĩnh Phước (Muong Thanh Apartment)"
32_1,"Căn hộ 65 m² 1 phòng ngủ, 1 phòng tắm riêng ở Lộc Thọ (Maple apartment by the beach | 1 BR for family)"
18_20,"Căn hộ 65 m² 2 phòng ngủ, 2 phòng tắm riêng ở Vĩnh Phước (Muong Thanh Nha Trang Poli Apartment)"
23_2,"Căn hộ 66 m² 2 phòng ngủ, 1 phòng tắm riêng ở Vĩnh Hòa (SCENIA BAY RESIDENCE - NHA TRANG)"
38_27,"Căn hộ 66 m² 2 phòng ngủ, 2 phòng tắm riêng ở Vĩnh Phước (Lam House Nha Trang Sea View)"
20_20,"Căn hộ 68 m² 1 phòng ngủ, 2 phòng tắm riêng ở Xương Huân (Tony luxury Apartment)"
42_28,"Căn hộ 68 m² 2 phòng ngủ, 2 phòng tắm riêng ở Xương Huân (An Binh Apartment)"
30_1,"Căn hộ 68 m² 2 phòng ngủ, 2 phòng tắm riêng ở Xương Huân (An's apartment)"
40_15,"Căn hộ 68 m² 2 phòng ngủ, 2 phòng tắm riêng ở Xương Huân (Căn hộ Mường Thanh luxury)"
39_10,"Căn hộ 68 m² 2 phòng ngủ, 2 phòng tắm riêng ở Xương Huân (HOME NHA TRANG)"
23_9,"Căn hộ 68 m² 2 phòng ngủ, 2 phòng tắm riêng ở Xương Huân (Tony luxury Apartment)"
40_14,"Căn hộ 69 m² 2 phòng ngủ, 1 phòng tắm riêng ở Vĩnh Phước (You2 Muong Thanh Oceanus Apartments With City View)"
26_30,"Căn hộ 69 m² 2 phòng ngủ, 1 phòng tắm riêng ở Vĩnh Phước (You2 Muong Thanh Oceanus Apartments With Sea View)"
28_4,"Căn hộ 70 m² 1 phòng ngủ, 1 phòng tắm riêng ở Xương Huân (2 Bedroom Appament S22.16)"
37_7,"Căn hộ 70 m² 1 phòng ngủ, 2 phòng tắm riêng ở Cam Hải Đông (Căn hộ cho 5 người lớn ở ALMA RESORT view biển )"
41_14,"Căn hộ 70 m² 2 phòng ngủ, 1 phòng tắm riêng ở Vĩnh Phước (Deluxe 2BR Apartment Beach Front on High Floor)"
17_15,"Căn hộ 70 m² 2 phòng ngủ, 2 phòng tắm riêng ở Vĩnh Phước (Nice Sea View 2 Bedroom 2 BR Apartment near beach )"
28_15,"Căn hộ 70 m² 2 phòng ngủ, 2 phòng tắm riêng ở Vĩnh Phước (Shu's house)"
28_2,"Căn hộ 70 m² 3 phòng ngủ, 2 phòng tắm riêng ở Vĩnh Phước (CĂN HỘ DU LỊCH BIỂN NHA TRANG - BOOK TOUR ĐẢO)"
40_16,"Căn hộ 70 m² 3 phòng ngủ, 2 phòng tắm riêng ở Vĩnh Phước (Căn 2416-Tòa OC3B Mường Thanh Viễn Triều)"
29_11,"Căn hộ 70 m² 3 phòng ngủ, 2 phòng tắm riêng ở Vĩnh Phước (Căn 2912 - Tòa OC2B- Mường Thanh Viễn Triều)"
29_8,"Căn hộ 72 m² 2 phòng ngủ, 2 phòng tắm riêng ở Vĩnh Phước (Deluxe Family OceanView 2 Bedroom,Oceanus HonChong)"
30_20,"Căn hộ 72 m² 2 phòng ngủ, 2 phòng tắm riêng ở Vĩnh Phước (Standard Seaview 2 Bedroom, Oceanus Hon Chong)"
34_7,"Căn hộ 72 m² 3 phòng ngủ, 2 phòng tắm riêng ở Vĩnh Phước (Li Beach Apartment)"
34_8,"Căn hộ 75 m² 1 phòng ngủ, 2 phòng tắm riêng ở Biển Bãi Dài (Alma Resort in CamRanh (Căn hộ 5 sao trong resort))"
8_18,"Căn hộ 774 m² 2 phòng ngủ, 2 phòng tắm riêng ở Vĩnh Phước (Two Bedroom Apartment Partial Sea)"
42_5,"Căn hộ 774 m² 2 phòng ngủ, 2 phòng tắm riêng ở Vĩnh Phước (Two Bedroom Apartment Sea View)"
42_25,"Căn hộ 774 m² 2 phòng ngủ, 2 phòng tắm riêng ở Vĩnh Phước (Two Bedroom Apartment Side Sea View)"
40_30,"Căn hộ 774 m² 2 phòng ngủ, 2 phòng tắm riêng ở Vĩnh Phước (Two Bedroom Sea View Apartment)"
28_22,"Căn hộ 79 m² 3 phòng ngủ, 2 phòng tắm riêng ở Vĩnh Phước (You2 Muong Thanh Apartments 3Bedroom With SeaView)"
24_19,"Căn hộ 80 m² 11 phòng ngủ, 12 phòng tắm riêng ở Vĩnh Hải (Sea apartment)"
7_10,"Căn hộ 80 m² 2 phòng ngủ, 2 phòng tắm riêng ở Lộc Thọ (Two adjacent family Panorama by HLG)"
25_18,"Căn hộ 80 m² 2 phòng ngủ, 2 phòng tắm riêng ở Vĩnh Hiệp (Green park 2 bedroom apartment)"
35_21,"Căn hộ 80 m² 2 phòng ngủ, 2 phòng tắm riêng ở Vạn Thắng (House Of Melody)"
23_11,"Căn hộ 86 m² 3 phòng ngủ, 2 phòng tắm riêng ở Xương Huân (Tony Luxury Apartment)"
23_22,"Căn hộ 86 m² 3 phòng ngủ, 2 phòng tắm riêng ở Xương Huân (Tony luxuryApartment)"
33_23,"Căn hộ 90 m² 3 phòng ngủ, 2 phòng tắm riêng ở Vĩnh Phước (NATA2912-3br apt near the beach)"
27_23,Căn hộ Mường Thanh Viễn Triều Nha Trang (Mường Thanh Viễn Triều Nha Trang Apartment)
10_18,Căn hộ cao cấp view biển do Anh quản lý (Luxury Seaview Apartments managed by Anh)
32_15,"Căn hộ m² 1 phòng ngủ, 1 phòng tắm riêng ở Cam Ranh (Đá Lết House)"
26_3,"Căn hộ m² 1 phòng ngủ, 1 phòng tắm riêng ở Cam Ranh (Đá Lết house)"
29_6,"Căn hộ m² 1 phòng ngủ, 1 phòng tắm riêng ở Lộc Thọ (Căn hộ cao cấp giáp biển Trần Phú Nha Trang)"
24_4,"Căn hộ m² 2 phòng ngủ, 2 phòng tắm riêng ở Lộc Thọ (Căn hộ cao cấp View biển Trần Phú Nha Trang)"
8_30,Căn hộ studio 20 m² có 1 phòng tắm riêng ở Vĩnh Hòa (Cozy .Place / Mountain View)
12_11,"Căn hộ studio 25 m² có 1 phòng tắm riêng ở Vĩnh Hòa (Salt house, deluxe balcony room fully furnished)"
23_10,Căn hộ studio 35 m² có 1 phòng tắm riêng ở Lộc Thọ (Executive Sea-view Suite at 5* Hotel 1908B)
27_15,Căn hộ studio 35 m² có 1 phòng tắm riêng ở Vĩnh Phước ((Closed) Premium 2-views Scenia Bay Studio May May)
8_3,Căn hộ studio 37 m² có 0 phòng tắm riêng ở Lộc Thọ (Panorama Nha Trang With Pretty View)
40_27,Căn hộ studio 40 m² có 1 phòng tắm riêng ở Lộc Thọ (Beach Appartment Center Nha Trang City )
34_4,Căn hộ studio 40 m² có 1 phòng tắm riêng ở Lộc Thọ (City View | Bathtub | Paranoma)
25_19,Căn hộ studio 40 m² có 1 phòng tắm riêng ở Lộc Thọ (Ha's Apartment With Panoramic CityView In NhaTrang)
34_9,Căn hộ studio 40 m² có 1 phòng tắm riêng ở Lộc Thọ (Sea View | Bathtub )
20_19,Căn hộ studio 45 m² có 1 phòng tắm riêng ở Quận 4 (Panorama )
41_29,Căn hộ studio 45 m² có 1 phòng tắm riêng ở Vĩnh Hòa (Romantic sea view apartment)
27_14,Căn hộ studio 46 m² có 1 phòng tắm riêng ở Lộc Thọ (Panorama Palace Ocean View)
23_17,Căn hộ studio 55 m² có 1 phòng tắm riêng ở Tân Lập (JN Panorama Apartment)
23_3,Căn hộ studio 57 m² có 1 phòng tắm riêng ở Lộc Thọ (Panorama Nha Trang With Pretty View)
35_7,Căn hộ ở góc hướng biển (Seaview corner apartment)
4_25,Diamond Bay Hotel
12_3,FELIZ VILLA NHA TRANG
10_13,Gold Coast Nha Trang
16_4,Green Lighthouse (Green Lighthouse Hotel)
17_7,HANZ Beach Panorama Condo Hotel
26_4,HANZ Condo Hotel Muong Thanh Vien Trieu
10_14,HANZ Condo Hotel Panorama
16_2,HANZ Panorama Condo Hotel
4_13,Happy Star Hotel Nha Trang
17_19,Huong Condotel Wyndham Garden Cam Ranh
16_29,HÀO PHÁT HOTEL NHA TRANG
37_14,ISeaview Heritage Boutique Hotel
25_30,Ideal Time Apartment
14_29,KHU NGHỈ DƯỠNG ARENA CAM RANH (KHU NGHỈ DƯỠNG THE ARENA CAM RANH)
7_26,Khu Nghỉ Dưỡng Radisson Blu Vịnh Cam Ranh (Radisson Blu Resort Cam Ranh)
10_19,Khu nghỉ dưỡng Cam Ranh (Resort Cam Ranh )
11_27,Khách Sạn Crown Nguyên Hoàng (Crown Nguyen Hoang Hotel)
20_2,Khách Sạn MerPerle Beach (MerPerle Beach Hotel)
19_15,Khách sạn An Thịnh 2
12_20,Khách sạn Bình An (Binh An Hotel Nha Trang)
4_16,Khách sạn Dqua (DQua Hotel)
4_23,Khách sạn Havana  Nha Trang (Havana Nha Trang Hotel)
11_17,Khách sạn LeMore Nha Trang (LeMore Hotel Nha Trang)
8_15,Khách sạn Nhi Phi (Nhi Phi Hotel Nha Trang)
4_20,Khách sạn Orbit (Orbit Hotel)
4_10,Khách sạn Poseidon Nha Trang (Poseidon Nha Trang Hotel)
4_17,Khách sạn Red Sun Nha Trang (Red Sun Nha Trang Hotel)
15_1,Khách sạn Sao Việt Nha Trang (Sao Viet Nha Trang Hotel)
6_10,Khách sạn Starlet (Starlet Hotel Nha Trang)
14_9,Khách sạn Thiên Trường (Thien Truong Hotel)
36_14,Khách sạn Vân Nam Nha Trang (Van Nam Hotel Nha Trang)
32_4,King Hotel
11_21,La Paloma Villa
4_26,La Sera Suites Nha Trang
12_1,Like Family Hotel
30_8,LoKa Hotel
15_18,Muong Thanh Apartments
13_21,Muong Thanh Nha Trang Hotel & Apartment
17_14,Muong Thanh Vien Trieu Apartment Review Nha Trang
36_5,Mường Thanh Viễn Triều - Thái Hà Nha Trang
14_8,Ngói Casa - Marina Villa
24_6,Ngôi nhà Ngọt ngào trên Bãi biển Cam Ranh (Sweet Home on Cam Ranh Beach)
36_4,Nha Trang Alpha
14_16,"Nha Trang Marriott Resort & Spa, Hon Tre Island"
42_17,Nha Trang Oceanfront Luxury Villa Anh Nguyen
37_23,Nha Trang Wonderland Apartment 13
37_13,Nha Trang Wonderland Apartment 15
37_19,Nha Trang Wonderland Apartment 42
9_26,Nhà khách OYO 745 Minh Đức (OYO 745 Minh Duc Guest House)
37_10,"Nhà mặt đất 100 m² 3 phòng ngủ, 3 phòng tắm riêng ở Xương Huân (Amore House the great homestay in Nha Trang beach)"
25_23,"Nhà mặt đất 20 m² 1 phòng ngủ, 1 phòng tắm riêng ở Vĩnh Phước (NEVA HOTEL NHA TRANG ( SINGLE ROOM))"
39_18,"Nhà mặt đất 20 m² 2 phòng ngủ, 2 phòng tắm riêng ở Vĩnh Phước (NEVA HOTEL NHA TRANG (SINGLE ROOM))"
29_1,"Nhà mặt đất 200 m² 8 phòng ngủ, 5 phòng tắm riêng ở Vĩnh Phước (Homestay Ocean View)"
26_28,"Nhà mặt đất 23 m² 1 phòng ngủ, 1 phòng tắm riêng ở Vĩnh Hòa (Beautiful balcony studio suitable for long stay)"
24_28,"Nhà mặt đất 23 m² 1 phòng ngủ, 1 phòng tắm riêng ở Vĩnh Phước (NEVA HOTEL NHA TRANG (SINGLE ROOM))"
7_15,"Nhà mặt đất 25 m² 1 phòng ngủ, 1 phòng tắm riêng ở Vĩnh Phước (NEVA HOTEL NHA TRANG ( SINGLE ROOM))"
25_28,"Nhà mặt đất 30 m² 1 phòng ngủ, 1 phòng tắm riêng ở Phước Hải (Phuong Nam homes)"
25_11,"Nhà mặt đất 60 m² 2 phòng ngủ, 1 phòng tắm riêng ở Vĩnh Hòa (Family house)"
27_24,"Nhà mặt đất 80 m² 2 phòng ngủ, 1 phòng tắm riêng ở Phước Hòa (EMOI home 8mins to the beach for family & friends)"
39_4,Nhà mặt đất studio 22 m² có 1 phòng tắm riêng ở Tân Lập (COSTAL HOME - Central Square - BEACH only 200m)
19_12,"Nhà riêng 100 m² 1 phòng ngủ, 1 phòng tắm riêng ở Phước Tiến (R1• 12NM Annie.homestay【Solo/Couple balcony room】)"
20_5,"Nhà riêng 100 m² 1 phòng ngủ, 1 phòng tắm riêng ở Tân Lập (Khách sạn Hòa An)"
42_14,"Nhà riêng 100 m² 1 phòng ngủ, 1 phòng tắm riêng ở Xương Huân (Studio Appartment seaview S35.15)"
23_29,"Nhà riêng 100 m² 2 phòng ngủ, 2 phòng tắm riêng ở Vĩnh Hiệp (Ivory Elegance Parkview 2 bedroom apartment)"
40_23,"Nhà riêng 100 m² 2 phòng ngủ, 2 phòng tắm riêng ở Xương Huân (Appartment 2BR seaview S35.08)"
38_3,"Nhà riêng 100 m² 2 phòng ngủ, 2 phòng tắm riêng ở Xương Huân (Appartment for Family 2Bedroom)"
7_3,"Nhà riêng 100 m² 4 phòng ngủ, 2 phòng tắm riêng ở Vĩnh Phước (Cozy Tropical 4 Bedroom Apartment)"
31_16,"Nhà riêng 200 m² 2 phòng ngủ, 3 phòng tắm riêng ở Vĩnh Thái (Summer Holiday House in Nha Trang)"
42_24,"Nhà riêng 214 m² 2 phòng ngủ, 3 phòng tắm riêng ở Biển Bãi Dài (Enjoy villa with beautiful beach!)"
30_23,"Nhà riêng 24 m² 1 phòng ngủ, 1 phòng tắm riêng ở Xương Huân (Mặt bằng vàng để kinh doanh )"
40_18,"Nhà riêng 25 m² 1 phòng ngủ, 1 phòng tắm riêng ở Cam Hải Đông (Room#101 - Garden view- H2B Homestay)"
36_7,"Nhà riêng 270 m² 4 phòng ngủ, 4 phòng tắm riêng ở Vĩnh Trường (Fisherman's village)"
30_17,"Nhà riêng 30 m² 1 phòng ngủ, 1 phòng tắm riêng ở Lộc Thọ (Panorama Nha Trang by HLG)"
20_22,"Nhà riêng 35 m² 1 phòng ngủ, 1 phòng tắm riêng ở Lộc Thọ (Central Oceanview Family Studio)"
30_30,"Nhà riêng 35 m² 1 phòng ngủ, 1 phòng tắm riêng ở Lộc Thọ (Central Seaview Apartment with Private Beach)"
23_18,"Nhà riêng 35 m² 1 phòng ngủ, 1 phòng tắm riêng ở Lộc Thọ (Central Seaview Studio with Private Beach)"
27_29,"Nhà riêng 35 m² 1 phòng ngủ, 1 phòng tắm riêng ở Lộc Thọ (Seaview Studio with Private Beach)"
30_29,"Nhà riêng 35 m² 1 phòng ngủ, 1 phòng tắm riêng ở Vĩnh Trường (Seaview Apartment with Private Beach)"
43_23,"Nhà riêng 350 m² 4 phòng ngủ, 5 phòng tắm riêng ở Cam Hải Đông (Venaestas)"
40_24,"Nhà riêng 400 m² 4 phòng ngủ, 2 phòng tắm riêng ở Phước Hạ (Nhà vườn sinh thái phố biển Nha Trang)"
11_3,"Nhà riêng 400 m² 4 phòng ngủ, 5 phòng tắm riêng ở Dốc Lết (NHÀ NGHỈ & HOMESTAY PHẠM GIA)"
27_7,"Nhà riêng 42 m² 1 phòng ngủ, 1 phòng tắm riêng ở Lộc Thọ (Luxury suite Panorama Nha Trang by HLG)"
31_12,"Nhà riêng 45 m² 1 phòng ngủ, 1 phòng tắm riêng ở Lộc Thọ (Amazing Suite Ocean View w/ Balcony, Gym, Pool )"
20_30,"Nhà riêng 45 m² 1 phòng ngủ, 1 phòng tắm riêng ở Lộc Thọ (iBeachfront Studio center balcony)"
21_24,"Nhà riêng 45 m² 1 phòng ngủ, 1 phòng tắm riêng ở Lộc Thọ (iSeaview Panorama Apt, free gym pool in center)"
21_1,"Nhà riêng 45 m² 1 phòng ngủ, 1 phòng tắm riêng ở Lộc Thọ (iSuperview 2 big beds Std gym, pool in center)"
39_25,"Nhà riêng 45 m² 2 phòng ngủ, 1 phòng tắm riêng ở Lộc Thọ (Luxury Ocean View 2 Bed Room Apartment)"
23_24,"Nhà riêng 48 m² 1 phòng ngủ, 1 phòng tắm riêng ở Biển Bãi Dài (Arena Cam Ranh Beachfront house)"
36_1,"Nhà riêng 48 m² 1 phòng ngủ, 1 phòng tắm riêng ở Biển Bãi Dài (The @Empyrean Đẹp View Biển)"
22_22,"Nhà riêng 48 m² 1 phòng ngủ, 1 phòng tắm riêng ở Biển Bãi Dài (The Empyrean Đẹp View Biển)"
21_28,"Nhà riêng 50 m² 1 phòng ngủ, 1 phòng tắm riêng ở Lộc Thọ (Center Mountain view Apt free gym and pool)"
22_3,"Nhà riêng 55 m² 1 phòng ngủ, 1 phòng tắm riêng ở Lộc Thọ (Holi Panorama ocean view suite - highfloor balcony)"
20_26,"Nhà riêng 55 m² 1 phòng ngủ, 1 phòng tắm riêng ở Lộc Thọ (iSuperview Panorama Family Std gym pool in center)"
32_12,"Nhà riêng 57 m² 1 phòng ngủ, 1 phòng tắm riêng ở Xương Huân (Gold coast studio ocean view)"
13_19,"Nhà riêng 60 m² 2 phòng ngủ, 1 phòng tắm riêng ở Vĩnh Hải (Home Auntie 8)"
20_15,"Nhà riêng 60 m² 2 phòng ngủ, 2 phòng tắm riêng ở Vĩnh Phước (Căn hộ 2 phòng ngủ view bãi biển Hòn Chồng)"
34_28,"Nhà riêng 60 m² 2 phòng ngủ, 2 phòng tắm riêng ở Vĩnh Phước (Căn hộ nghỉ dưỡng giá rẻ)"
8_28,"Nhà riêng 67 m² 2 phòng ngủ, 2 phòng tắm riêng ở Vĩnh Phước (NK Vien Trieu Apartment)"
7_30,"Nhà riêng 68 m² 2 phòng ngủ, 2 phòng tắm riêng ở Vĩnh Phước (Cozy Sea View - Family 2 Bedroom)"
31_2,"Nhà riêng 68 m² 2 phòng ngủ, 2 phòng tắm riêng ở Vĩnh Phước (Nice view 2 Bedroom + Balcony, Beachfront)"
32_25,"Nhà riêng 70 m² 2 phòng ngủ, 2 phòng tắm riêng ở Vĩnh Phước (Ans Houze 1222 oc2B)"
13_25,"Nhà riêng 72 m² 2 phòng ngủ, 2 phòng tắm riêng ở Vĩnh Phước (Partial Sea View : Two Bedroom & Washing Machine)"
35_25,"Nhà riêng 75 m² 2 phòng ngủ, 2 phòng tắm riêng ở Phước Tiến (JOIE HOME - A vibrant full house with 2 bedrooms)"
34_22,"Nhà riêng 80 m² 2 phòng ngủ, 2 phòng tắm riêng ở Vĩnh Hiệp (Lovely, new 2 bedroom apartment)"
39_2,"Nhà riêng 80 m² 3 phòng ngủ, 2 phòng tắm riêng ở Vĩnh Phước (Căn Hộ 3 Phòng Ngủ)"
19_30,"Nhà riêng 82 m² 2 phòng ngủ, 2 phòng tắm riêng ở Vĩnh Phước (Luxury Sea View : Four Bedroom & Washing Machine)"
28_19,"Nhà trệt 20 m² 1 phòng ngủ, 1 phòng tắm riêng ở Phước Hạ (Z Camp Nha Trang)"
39_3,Noble Swan Residence & Hotel Nha Trang
9_15,OYO 1028 Căn Hộ Flower House (OYO 1028 Flower House Apartment)
15_3,Ocean view Cam Ranh - The Arena
4_19,PANAMA Nha Trang Hotel
7_4,Pandora Panorama Nha Trang
7_9,Panorama Center Ocean View
12_24,Panorama Nha Trang Condotel
7_11,Phan Gia Xanh Garden
6_23,Potique Hotel
11_29,Premiere Beachfront Arena Cam Ranh - VT Group
18_4,Rosemary Home @ Bai Dai Beach Nha Trang
17_9,SPOT ON 1218 Nha Nghi Hung Thinh
7_6,Saphia hotel Nha Trang
15_20,Seaside Cam Ranh Apartment
6_26,Selena Panorama Nha Trang
11_25,Six Senses Ninh Vân Bay (Six Senses Ninh Van Bay)
28_3,Suite 4528 by Phi Yen Muong Thanh 60 Apartment
34_26,Sun and Sea Mường Thanh Holidays (Sun and Sea Muong Thanh Holidays)
42_22,Thanh Hien Villa
19_14,The Athena Villas Garden
9_14,The Pool Villa Cam Ranh - All Private Pool Villas
12_9,The View Hotel
18_5,Thời Bình Hotel
4_29,Trieu Khang Hotel
38_26,Uyên Phương Hotel Nha Trang
16_5,Victor Condotel Cam Ranh
30_24,Victor Group - Sam Sam Cam Ranh Condotel
27_21,Victory's House Ngoc Hoa
8_21,Western Seaview (The Arena Cam Ranh)
14_14,Wyndham Grand KN Paradise Cam Ranh
